{
  "0": {
    "precision": 0.9911012235817576,
    "recall": 0.9955307262569832,
    "f1-score": 0.9933110367892977,
    "support": 895.0
  },
  "1": {
    "precision": 0.9603960396039604,
    "recall": 0.9238095238095239,
    "f1-score": 0.941747572815534,
    "support": 105.0
  },
  "accuracy": 0.988,
  "macro avg": {
    "precision": 0.975748631592859,
    "recall": 0.9596701250332536,
    "f1-score": 0.9675293048024158,
    "support": 1000.0
  },
  "weighted avg": {
    "precision": 0.9878771792640888,
    "recall": 0.988,
    "f1-score": 0.9878968730720524,
    "support": 1000.0
  }
}